{"columns":["image","dist"],"index":[0,1,2,3,4,5,6,7,8,9,10,11,12,13,14,15,16,17,18,19,20,21,22,23],"data":[[1,[5.5246804314]],[2,[8.2043466321]],[3,[9.5481944561]],[4,[8.2722572985]],[5,[18.4857792978]],[6,[18.8839844897]],[7,[19.04522615]],[8,[17.5814560108]],[9,[17.5933843674]],[10,[20.1147335513]],[11,[20.3161385405]],[12,[18.0875998689]],[13,[21.9408872022]],[14,[20.8911072522]],[15,[14.1947431916]],[16,[14.9121530844]],[17,[17.1176473975]],[18,[14.5546572702]],[19,[17.1623169982]],[20,[12.5947678689]],[21,[13.8673472126]],[22,[12.8936513371]],[23,[15.386841922]],[24,[13.9464520088]]]}