{"columns":["image","dist"],"index":[0,1,2,3,4,5,6,7,8,9,10,11,12,13,14,15,16,17,18,19,20,21,22,23],"data":[[0,[22.076062505]],[1,[20.3369274067]],[2,[20.3872088124]],[3,[21.7306465285]],[4,[21.7412920522]],[5,[12.4658559493]],[6,[12.0310401262]],[7,[16.107009546]],[8,[15.0975674864]],[9,[12.23552915]],[11,[13.9928781826]],[12,[8.9098738999]],[13,[7.5176335096]],[14,[9.1438904249]],[15,[10.261047705]],[16,[8.8126613858]],[17,[13.7414055025]],[18,[11.4271172092]],[19,[10.9906560601]],[20,[16.5436442248]],[21,[17.4127881607]],[22,[16.7366566709]],[23,[20.0844533623]],[24,[19.1581091617]]]}