{"columns":["image","dist"],"index":[0,1,2,3,4,5,6,7,8,9,10,11,12,13,14,15,16,17,18,19,20,21,22,23],"data":[[0,[15.0512771582]],[1,[14.3562235789]],[2,[15.7998700361]],[3,[17.5048842923]],[4,[16.1530057562]],[5,[18.3054338925]],[6,[17.1989441763]],[7,[16.5133013549]],[8,[15.5704718378]],[9,[16.0774985548]],[10,[17.4242526537]],[11,[20.7839384898]],[12,[18.5588122168]],[13,[19.1915328995]],[14,[19.299868359]],[15,[11.640803162]],[16,[13.1782580336]],[17,[16.1634526018]],[18,[13.6822213053]],[19,[14.4641127576]],[20,[7.70833006]],[22,[8.0478878018]],[23,[12.0998385383]],[24,[10.2638730894]]]}