{"columns":[0,1,2,3,4,5,6,7,8,9,10,11,12],"index":[0,1,2,3,4,5,6,7,8,9,10,11,12,13,14,15,16,17,18,19,20,21,22,23,24],"data":[[0.0005308143,125.3059065002,0.9746239732,2468.4841596816,0.2347928807,112.5233146898,9748.6307322262,8.0402324528,11.8085310838,0.000355627,4.1832133097,-0.3274437958,0.9946504136],[0.0005117033,151.3286403945,0.9613712104,1958.7759686009,0.2637148119,129.74408014,7683.7752340091,8.2014776679,11.8831979162,0.0003828585,4.1868567756,-0.3532990027,0.9966697893],[0.0010633463,212.3207201441,0.8854503141,926.6537791693,0.2084405724,72.5667251731,3494.2943965332,7.4278140978,11.4491712109,0.0003527208,4.5675089871,-0.2229968705,0.9692460007],[0.0014108673,148.3270699468,0.864642001,547.9746029764,0.240205539,58.3973903327,2043.5713419588,7.0880409671,10.8439536315,0.0004327399,4.2999228526,-0.2256282527,0.9652818325],[0.0008777366,186.6089671618,0.9769082942,4040.7878880239,0.279915591,130.729229242,15976.5425849337,8.0752257833,11.5952589996,0.0003853555,4.2311896602,-0.362843212,0.9968965808],[0.0032531448,39.697941674,0.9263457774,269.4923798016,0.4006878999,48.1853736315,1038.2715775324,6.7356484057,9.4763486527,0.0007087666,3.1924500586,-0.3524781447,0.9905760251],[0.0018011339,112.7283524171,0.905856929,598.890618831,0.2869465398,63.3577870439,2282.834122907,7.2626350925,10.7381310756,0.0004046732,4.0257547805,-0.2899302733,0.9857262084],[0.0012330966,112.1393828021,0.8904190576,511.7351624977,0.2625344585,75.7161078543,1934.8012671886,7.2207696329,10.8699101329,0.0003874216,4.1380510452,-0.2589012316,0.9782578563],[0.0019937495,74.4967750731,0.9491175796,731.9177077301,0.3652928866,75.3705992325,2853.1740558475,7.3003327856,10.393531906,0.0006633926,3.5636560459,-0.3538251633,0.9937051843],[0.0014638632,89.1209922542,0.8715192156,346.7897222619,0.2571592461,54.0697792582,1298.0378967935,6.8855019093,10.4131505008,0.0004080941,3.935219685,-0.2393077172,0.9678464898],[0.0008164164,123.2536945579,0.9632723121,1677.2591830887,0.2806294041,100.0665610986,6585.783037797,7.9529044121,11.5395006684,0.0004065569,4.0552320466,-0.3428998956,0.9950886161],[0.0009923449,110.6844555273,0.8957508473,530.781481268,0.3113932115,104.0914054081,2012.4414695447,7.431667611,11.1416723178,0.0006183924,4.0188486509,-0.277079389,0.9845416223],[0.0011680969,234.9702743763,0.9394514129,1940.4856421291,0.2681535677,89.3088917288,7526.9722941402,7.8616262602,11.5892714767,0.0003970478,4.3012307241,-0.3124877881,0.9924644754],[0.0004705123,123.1551491818,0.94661126,1153.1510203295,0.2162975248,129.4164462605,4489.4489321361,7.9036794928,11.9672932635,0.0003491694,4.3248256847,-0.2746833624,0.987734654],[0.0023220455,118.8055913465,0.9487253366,1158.566630948,0.3729166907,69.1191846294,4515.4609324456,7.5186472244,10.7079090029,0.000661791,3.7296160226,-0.3603784952,0.9951195285],[0.0015667116,152.5801272,0.9572136051,1783.9499582276,0.284319825,107.1542931774,6983.2197057105,7.9648970364,11.4652254675,0.0004007232,4.1883546512,-0.3569629278,0.9963183565],[0.0004498541,140.3989945183,0.9573923392,1647.6772641873,0.2131606955,123.8937394916,6450.3100622307,8.1011390542,12.079609515,0.0003208849,4.3422085029,-0.3022661728,0.9925459231],[0.0004857356,155.2716949256,0.9791475598,3723.1356641894,0.2667560968,196.8482433394,14737.2709618321,8.5225174738,12.2833811032,0.0003611273,4.2714541222,-0.3700537086,0.9979284277],[0.000511469,287.0550076109,0.939454317,2370.9768515558,0.2016042713,146.5409248602,9196.8523986123,8.334733387,12.5310784281,0.0002643805,4.6993303268,-0.295231698,0.9929439136],[0.0003540439,106.5405014582,0.9698247935,1765.3984550329,0.2105114823,175.1214223688,6955.0533186735,8.293749684,12.2225306404,0.0003524967,4.1560795176,-0.3279194281,0.9955932508],[0.0005980359,203.7865048736,0.9559513161,2313.3225758338,0.2316032052,159.7733383908,9049.5037984616,8.1041951321,12.1485901558,0.0003396256,4.5324949634,-0.2943362988,0.9911645275],[0.0002554374,231.4643239664,0.9354815666,1793.8135187007,0.1542062803,159.1715141539,6943.7897508364,8.1607454579,12.6030155812,0.0002300525,4.8241750362,-0.248189849,0.9847691826],[0.0005031699,226.3874853395,0.9568485974,2622.9762959424,0.1942146095,138.4057633106,10265.5176984301,8.137868766,12.2325311957,0.000300157,4.5908782309,-0.2887116686,0.9907179168],[0.0003158696,239.8928835493,0.8733858902,947.2457048515,0.1397035679,120.2370350746,3549.0899358567,7.8212523499,12.3343447097,0.0002275575,4.7846698978,-0.2024787386,0.9666735333],[0.0003046485,213.8015725959,0.9402088744,1787.7294036824,0.1920864885,166.9053049859,6937.1160421336,8.1570137504,12.4330337225,0.0002824068,4.7295275046,-0.2700690115,0.9885735534]]}